,phrase,label,sentiment,subjectivity,language,count
Moscow,,,,,,
Russia,,,,,,
Dagestan,,,,,,
Ukraine,,,,,,
Japan,,,,,,
Chernobyl,,,,,,
Central Russia,,,,,,
the Russian Federation,,,,,,
Sverdlovsk,,,,,,
the Pacific Ocean,,,,,,
Kamchatka,,,,,,
Europe,,,,,,
MOSCOW,,,,,,
US,,,,,,
Belarus,,,,,,
China,,,,,,
Marina Makarova,,,,,,
Kyiv,,,,,,
Estonia,,,,,,
Meteo,,,,,,
Hokkaido,,,,,,
Sakhalin,,,,,,
the United States,,,,,,
the Kuril Islands,,,,,,
Oklahoma,,,,,,
St. Petersburg,,,,,,
Indonesia,,,,,,
Siberia,,,,,,
Arctic,,,,,,
the Black Sea,,,,,,
Novosibirsk,,,,,,
Krasnodar,,,,,,
the North Caucasus,,,,,,
Buryatia,,,,,,
Istanbul,,,,,,
Chelyabinsk,,,,,,
the Far East,,,,,,
Volga,,,,,,
Greece,,,,,,
Sochi,,,,,,
Mongolia,,,,,,
Iran,,,,,,
Nizhny Novgorod,,,,,,
Shaitli,,,,,,
Kuril Islands,,,,,,
Florida,,,,,,
Altai-Sayan,,,,,,
Phobos,,,,,,
Kherson,,,,,,
Zaporozhye,,,,,,
Turkey,,,,,,
USA,,,,,,
the Caspian Sea,,,,,,
the Northern Kuril Islands,,,,,,
Venezuela,,,,,,
Urals,,,,,,
Enid,,,,,,
Lake Baikal,,,,,,
earth,,,,,,
Kharkov,,,,,,
Rostov,,,,,,
Mount Munku-Sardyk,,,,,,
India,,,,,,
Miami,,,,,,
Tashkent,,,,,,
Perm,,,,,,
RUSSIA,,,,,,
the Jewish Autonomous Region,,,,,,
Kirki,,,,,,
Primorye,,,,,,
Baikal,,,,,,
Crete,,,,,,
Kaitag,,,,,,
Crimea,,,,,,
the Central Federal District,,,,,,
North-West,,,,,,
Chile,,,,,,
Northern Kuril Islands,,,,,,
Danube,,,,,,
Latvia,,,,,,
Kaliningrad,,,,,,
Leningrad,,,,,,
Egypt,,,,,,
Athens,,,,,,
Italy,,,,,,
New Guinea,,,,,,
Yakutia,,,,,,
Neftegorsk,,,,,,
Minsk,,,,,,
Russia Marina,,,,,,
the Barents Sea,,,,,,
El Niño,,,,,,
Astrakhan,,,,,,
Tuapse,,,,,,
Earth,,,,,,
Belgorod,,,,,,
Novgorod,,,,,,
Kazakhstan,,,,,,
Kazan,,,,,,
Zelenograd,,,,,,
Sultangazi,,,,,,
Alaska,,,,,,
Nevada,,,,,,
Myanmar,,,,,,
Mount Athos,,,,,,
Endovishchi,,,,,,
the Krasnodar Territory,,,,,,
Krasnooktyabrsky,,,,,,
Texas,,,,,,
Okinawa,,,,,,
Ecuador,,,,,,
France,,,,,,
Roman Vilfand,,,,,,
Irkutsk,,,,,,
Antarctica,,,,,,
Altai,,,,,,
the Krasnoyarsk Territory,,,,,,
Tuva,,,,,,
Interfax,,,,,,
Muisky,,,,,,
Volgograd,,,,,,
Tohoku,,,,,,
Papua New Guinea,,,,,,
Tonga,,,,,,
Fiji,,,,,,
the Kamchatka Territory,,,,,,
Poltava,,,,,,
Poland,,,,,,
Caracas,,,,,,
Caucasus,,,,,,
Armenia,,,,,,
Kostroma,,,,,,
Kapotnya,,,,,,
Derbent,,,,,,
Andes,,,,,,
Levashinsky,,,,,,
Easter,,,,,,
​​which,,,,,,
Urkarakh,,,,,,
Obluchensky,,,,,,
Anapa,,,,,,
New Caledonia,,,,,,
Azerbaijan,,,,,,
Manipur,,,,,,
Palm Sunday,,,,,,
Kashmir,,,,,,
the Chegem Gorge,,,,,,
Shiveluch,,,,,,
Tehran,,,,,,
Yangon,,,,,,
the Baltic Sea,,,,,,
Iskitim,,,,,,
Guangxi,,,,,,
Tsuntinsky,,,,,,
Semeru,,,,,,
the Republic of Tyva,,,,,,
Murmansk,,,,,,
Kilauea,,,,,,
Hawaii,,,,,,
the Central Military District,,,,,,
the Desna River,,,,,,
Mogilev,,,,,,
Roshydromet,,,,,,
Grozny,,,,,,
Northern Military,,,,,,
Arkhangelsk,,,,,,
Nara Prefecture,,,,,,
Kyzyl,,,,,,
Kurgan,,,,,,
the Aleutian Islands,,,,,,
the Northern Hemisphere,,,,,,
Dnepropetrovsk,,,,,,
Taiwan,,,,,,
the Komi Republic,,,,,,
Liuzhou,,,,,,
Akhty,,,,,,
the Commander Islands,,,,,,
Africa,,,,,,
Vanuatu,,,,,,
Central Federal District,,,,,,
Germany,,,,,,
Lyubertsy,,,,,,
the Republic of Dagestan,,,,,,
Australia,,,,,,
the Central Black Earth Region,,,,,,
Argentina,,,,,,
Krasnoyarsk Territory,,,,,,
Tyva,,,,,,
South America,,,,,,
Nicaragua,,,,,,
Lyudmila Parshina,,,,,,
Chukotka,,,,,,
Tajikistan,,,,,,
Krasnoyarsk,,,,,,
North Caucasus,,,,,,
USSR,,,,,,
Buguruslan,,,,,,
Ekaterina,,,,,,
Finland,,,,,,
Monaco,,,,,,
Bryansk,,,,,,
Yuryevets,,,,,,
Likasaari,,,,,,
Urgant,,,,,,
Hormuz,,,,,,
Kataev,,,,,,
the Russian Federation - https://t.me/tribute/app?startapp=dF9w,,,,,,
Plymouth,,,,,,
Montserrat,,,,,,
Meteum AI,,,,,,
Puchezh,,,,,,
Omsk,,,,,,
the Sumy region,,,,,,
Washington,,,,,,
the Russian Empire,,,,,,
Nabiullina,,,,,,
Saratov,,,,,,
Orenburg,,,,,,
Yaroslavl,,,,,,
Tyumen,,,,,,
Honduras,,,,,,
Miami-Dade,,,,,,
Canyon,,,,,,
Ovursky,,,,,,
Mediterranean,,,,,,
UNHAPPY|,,,,,,
Pacific Ocean,,,,,,
Western Europe,,,,,,
Broward,,,,,,
Zlatoust,,,,,,
Khakassia,,,,,,
Lebu,,,,,,
the Irkutsk Region,,,,,,
Kozaki,,,,,,
Belgoraj County,,,,,,
Volovets,,,,,,
Beaufort,,,,,,
the Arctic Ocean,,,,,,
Tarasevshchina,,,,,,
Ussuri,,,,,,
Khabarovsk,,,,,,
Buchansky,,,,,,
Kiev,,,,,,
Matera,,,,,,
the Khabarovsk Territory,,,,,,
southwest Europe,,,,,,
Rome,,,,,,
Lithuania,,,,,,
Barguzinsky,,,,,,
Irku,,,,,,
Moldova,,,,,,
barbecuing,,,,,,
PRIMORYE,,,,,,
Neptune,,,,,,
Hunggate,,,,,,
Far North,,,,,,
America,,,,,,
the Central District,,,,,,
Tsimlyansky,,,,,,
Xinhua,,,,,,
Everglades,,,,,,
Rybinsk,,,,,,
Lenta.ru,,,,,,
Sichuan province,,,,,,
Kalinin,,,,,,
The Far East,,,,,,
Tver,,,,,,
Transbaikalia,,,,,,
Tatneft,,,,,,
Dag,,,,,,
VENEZUELA,,,,,,
Balashikha,,,,,,
Terletsky Park,,,,,,
Armyansk,,,,,,
Terletskaya,,,,,,
WMO,,,,,,
the Volga-Caspian Sea Canal,,,,,,
Orel,,,,,,
the Yaroslavl region,,,,,,
Tula,,,,,,
Reutov,,,,,,
Gelman,,,,,,
Kerch,,,,,,
Tutankhamun,,,,,,
Atlantic,,,,,,
Amur,,,,,,
IRAN,,,,,,
UKRAINE,,,,,,
Mountain Shoria,,,,,,
Eastern Siberia,,,,,,
Stalingrad,,,,,,
Nikolaevka,,,,,,
Kavakaz,,,,,,
Baltic Storm,,,,,,
England,,,,,,
Yekaterinburg,,,,,,
GERMANY,,,,,,
the Guangxi Autonomous Region,,,,,,
the Guangxi Zhuang Autonomous Region,,,,,,
the Altai Territory,,,,,,
Syzran,,,,,,
northeast,,,,,,
Altai Territory,,,,,,
the Sea of ​​Azov,,,,,,
Guangxi Zhuang Autonomous Region,,,,,,
Tunisia,,,,,,
Podolyak,,,,,,
the Coral Sea,,,,,,
Moscow City,,,,,,
the Loyalty Islands,,,,,,
MOSCOW CITY,,,,,,
Karachay-Cherkessia,,,,,,
South,,,,,,
Dombay,,,,,,
the Zastavka River,,,,,,
Brazil,,,,,,
CUBA,,,,,,
the Sakhalin Region,,,,,,
the United States of America,,,,,,
Chusovoy,,,,,,
Yasnaya,,,,,,
G4.7,,,,,,
Karabash,,,,,,
Ust-Luga,,,,,,
ISRAEL,,,,,,
Taganrog,,,,,,
Roman,,,,,,
Sertolovo,,,,,,
Israel,,,,,,
Leningrad Region,,,,,,
Mala,,,,,,
East Asia,,,,,,
Kaluga,,,,,,
Maslenitsa,,,,,,
Nikola-Lenivets,,,,,,
Khamovniki,,,,,,
Valley,,,,,,
the Manpupuner plateau,,,,,,
the Strait of Hormuz,,,,,,
Karamay,,,,,,
the Black Earth Region,,,,,,
Belorechensk,,,,,,
the Adriatic coast,,,,,,
the Arkhangelsk region,,,,,,
Volokolamsk,,,,,,
Novorossiysk,,,,,,
Yulara,,,,,,
Toulouse,,,,,,
Baghdad,,,,,,
the Anapa coastline,,,,,,
Lushan,,,,,,
the Republic of Belarus,,,,,,
Rezhevsky city,,,,,,
Primorsky Krai,,,,,,
taiga,,,,,,
PRC,,,,,,
Reunion Island,,,,,,
Pompeii,,,,,,
Wuhu,,,,,,
Dubai,,,,,,
Mount Semeru,,,,,,
the Indian Ocean,,,,,,
Reunion,,,,,,
Shoigu,,,,,,
the South Caucasus,,,,,,
the Bryansk Region,,,,,,
Saburov,,,,,,
Teriberka,,,,,,
the Sea of ​​Okhotsk,,,,,,
the Western Hemisphere,,,,,,
the Orenburg region,,,,,,
the Caribbean Sea,,,,,,
Anzhero-Sudzhensk,,,,,,
Northern Urals,,,,,,
the Perm region,,,,,,
Komi Republic,,,,,,
Manpupuner plateau,,,,,,
Spartak,,,,,,
Sahara,,,,,,
United Russia,,,,,,
Vladimir Tokarev,,,,,,
Petropavlovsk-Kamchatsky,,,,,,
Kemerovo,,,,,,
Stavyansk,,,,,,
Smolensk,,,,,,
Vladimir,,,,,,
Mo,,,,,,
Santa Claus,,,,,,
Baku,,,,,,
the Xinjiang Uyghur Autonomous Region of China,,,,,,
Mexico,,,,,,
Uzberezh,,,,,,
Malakhovskaya,,,,,,
Chusovoy (Perm Territory,,,,,,
Metallurg,,,,,,
the Volga Federal District,,,,,,
Khunzakh,,,,,,
Butsra,,,,,,
Kabardino-Balkaria,,,,,,
Eastern Europe,,,,,,
Japanese Hokkaido,,,,,,
North-West Russia,,,,,,
Munku-Sardyk,,,,,,
Garfield County,,,,,,
Heraklion,,,,,,
the Mediterranean Sea,,,,,,
the Chelyabinsk region,,,,,,
Obihiro,,,,,,
Southern Kuril Islands,,,,,,
the Northern Kuriles,,,,,,
West,,,,,,
Grodno,,,,,,
Nara,,,,,,
The North Caucasus,,,,,,
Vladivostok,,,,,,
the Discovery of Easter Island,,,,,,
Yakutsk,,,,,,
Irokinda,,,,,,
the South Kuril Islands,,,,,,
the Arctic Circle,,,,,,
Central,,,,,,
the North Atlantic,,,,,,
the Amur Region,,,,,,
Iwate,,,,,,
Cafe,,,,,,
the Russian Plain,,,,,,
the Dnieper zone,,,,,,
Vinnitsa,,,,,,
Khobz,,,,,,
Papua,,,,,,
Geristal,,,,,,
Voskresensk,,,,,,
Christmastide,,,,,,
Center,,,,,,
Vardan,,,,,,
Sysert,,,,,,
the Primorsky Territory,,,,,,
New Year's,,,,,,
Dnepropetro,,,,,,
mo,,,,,,
Kansas,,,,,,
Belorechensky,,,,,,
Lyrid,,,,,,
New Britain,,,,,,
Marina Makaro,,,,,,
the Sakhalin region,,,,,,
Shinkansen,,,,,,
the Bering Sea,,,,,,
the Avachinsky Bay,,,,,,
TEPCO,,,,,,
Illinois,,,,,,
Normal,,,,,,
Tokyo,,,,,,
Tongatapu Island,,,,,,
the Dome of the Rock,,,,,,
the Kingdom of Tonga,,,,,,
the Pacific Ocean 676 km,,,,,,
the Tornio River,,,,,,
Lapland,,,,,,
uninhabited river,,,,,,
Samara,,,,,,
Berlin,,,,,,
